0;0;0;0x0000;Timeout error
1;0;0;0x0000;Timeout error
2;0;0;0x0000;Timeout error
3;0;0;0x0000;Timeout error
4;0;0;0x0000;Timeout error
5;0;0;0x0000;Timeout error
6;0;0;0x0000;Timeout error
7;0;0;0x0000;Timeout error
8;0;0;0x0000;Timeout error
9;0;0;0x0000;Timeout error
10;0;0;0x0000;Timeout error
11;0;0;0x0000;Timeout error
12;0;0;0x0000;Timeout error
13;0;0;0x0000;Timeout error
14;0;0;0x0000;Timeout error
15;0;0;0x0000;Timeout error
16;0;0;0x0000;Timeout error
17;0;0;0x0000;Timeout error
18;0;0;0x0000;Timeout error
19;0;0;0x0000;Timeout error
20;0;0;0x0000;Timeout error
21;0;0;0x0000;Timeout error
22;0;0;0x0000;Timeout error
23;0;0;0x0000;Timeout error
24;0;0;0x0000;Timeout error
25;0;0;0x0000;Timeout error
26;0;0;0x0000;Timeout error
27;0;0;0x0000;Timeout error
28;0;0;0x0000;Timeout error
29;0;0;0x0000;Timeout error
30;0;0;0x0000;Timeout error
31;0;0;0x0000;Timeout error
32;0;0;0x0000;Timeout error
33;0;0;0x0000;Timeout error
34;0;0;0x0000;Timeout error
35;0;0;0x0000;Timeout error
36;0;0;0x0000;Timeout error
37;0;0;0x0000;Timeout error
38;0;0;0x0000;Timeout error
39;0;0;0x0000;Timeout error
40;0;0;0x0000;Timeout error
41;0;0;0x0000;Timeout error
42;0;0;0x0000;Timeout error
43;0;0;0x0000;Timeout error
44;0;0;0x0000;Timeout error
45;0;0;0x0000;Timeout error
46;0;0;0x0000;Timeout error
47;0;0;0x0000;Timeout error
48;0;0;0x0000;Timeout error
49;0;0;0x0000;Timeout error
50;0;0;0x0000;Timeout error
51;0;0;0x0000;Timeout error
52;0;0;0x0000;Timeout error
53;0;0;0x0000;Timeout error
54;0;0;0x0000;Timeout error
55;0;0;0x0000;Timeout error
56;0;0;0x0000;Timeout error
57;0;0;0x0000;Timeout error
58;0;0;0x0000;Timeout error
59;0;0;0x0000;Timeout error
60;0;0;0x0000;Timeout error
61;0;0;0x0000;Timeout error
62;0;0;0x0000;Timeout error
63;0;0;0x0000;Timeout error
64;0;0;0x0000;Timeout error
65;0;0;0x0000;Timeout error
66;0;0;0x0000;Timeout error
67;0;0;0x0000;Timeout error
68;0;0;0x0000;Timeout error
69;0;0;0x0000;Timeout error
70;0;0;0x0000;Timeout error
71;0;0;0x0000;Timeout error
72;0;0;0x0000;Timeout error
73;0;0;0x0000;Timeout error
74;0;0;0x0000;Timeout error
75;0;0;0x0000;Timeout error
76;0;0;0x0000;Timeout error
77;0;0;0x0000;Timeout error
78;0;0;0x0000;Timeout error
79;0;0;0x0000;Timeout error
80;0;0;0x0000;Timeout error
81;0;0;0x0000;Timeout error
82;0;0;0x0000;Timeout error
83;0;0;0x0000;Timeout error
84;0;0;0x0000;Timeout error
85;0;0;0x0000;Timeout error
86;0;0;0x0000;Timeout error
87;0;0;0x0000;Timeout error
88;0;0;0x0000;Timeout error
89;0;0;0x0000;Timeout error
90;0;0;0x0000;Timeout error
91;0;0;0x0000;Timeout error
92;0;0;0x0000;Timeout error
93;0;0;0x0000;Timeout error
94;0;0;0x0000;Timeout error
95;0;0;0x0000;Timeout error
96;0;0;0x0000;Timeout error
97;0;0;0x0000;Timeout error
98;0;0;0x0000;Timeout error
99;0;0;0x0000;Timeout error
100;0;0;0x0000;Timeout error
101;0;0;0x0000;Timeout error
102;0;0;0x0000;Timeout error
103;0;0;0x0000;Timeout error
104;0;0;0x0000;Timeout error
105;0;0;0x0000;Timeout error
106;0;0;0x0000;Timeout error
107;0;0;0x0000;Timeout error
108;0;0;0x0000;Timeout error
109;0;0;0x0000;Timeout error
110;0;0;0x0000;Timeout error
111;0;0;0x0000;Timeout error
112;0;0;0x0000;Timeout error
113;0;0;0x0000;Timeout error
114;0;0;0x0000;Timeout error
115;0;0;0x0000;Timeout error
116;0;0;0x0000;Timeout error
117;0;0;0x0000;Timeout error
118;0;0;0x0000;Timeout error
119;0;0;0x0000;Timeout error
120;0;0;0x0000;Timeout error
121;0;0;0x0000;Timeout error
122;0;0;0x0000;Timeout error
123;0;0;0x0000;Timeout error
124;0;0;0x0000;Timeout error
125;0;0;0x0000;Timeout error
126;0;0;0x0000;Timeout error
127;0;0;0x0000;Timeout error
128;0;0;0x0000;Timeout error
129;0;0;0x0000;Timeout error
130;0;0;0x0000;Timeout error
131;0;0;0x0000;Timeout error
132;0;0;0x0000;Timeout error
133;0;0;0x0000;Timeout error
134;0;0;0x0000;Timeout error
135;0;0;0x0000;Timeout error
136;0;0;0x0000;Timeout error
137;0;0;0x0000;Timeout error
138;0;0;0x0000;Timeout error
139;0;0;0x0000;Timeout error
140;0;0;0x0000;Timeout error
141;0;0;0x0000;Timeout error
142;0;0;0x0000;Timeout error
143;0;0;0x0000;Timeout error
144;0;0;0x0000;Timeout error
145;0;0;0x0000;Timeout error
146;0;0;0x0000;Timeout error
147;0;0;0x0000;Timeout error
148;0;0;0x0000;Timeout error
149;0;0;0x0000;Timeout error
150;0;0;0x0000;Timeout error
151;0;0;0x0000;Timeout error
152;0;0;0x0000;Timeout error
153;0;0;0x0000;Timeout error
154;0;0;0x0000;Timeout error
155;0;0;0x0000;Timeout error
156;0;0;0x0000;Timeout error
157;0;0;0x0000;Timeout error
158;0;0;0x0000;Timeout error
159;0;0;0x0000;Timeout error
160;0;0;0x0000;Timeout error
161;0;0;0x0000;Timeout error
162;0;0;0x0000;Timeout error
163;0;0;0x0000;Timeout error
164;0;0;0x0000;Timeout error
165;0;0;0x0000;Timeout error
166;0;0;0x0000;Timeout error
167;0;0;0x0000;Timeout error
168;0;0;0x0000;Timeout error
169;0;0;0x0000;Timeout error
170;0;0;0x0000;Timeout error
171;0;0;0x0000;Timeout error
172;0;0;0x0000;Timeout error
173;0;0;0x0000;Timeout error
174;0;0;0x0000;Timeout error
175;0;0;0x0000;Timeout error
176;0;0;0x0000;Timeout error
177;0;0;0x0000;Timeout error
178;0;0;0x0000;Timeout error
179;0;0;0x0000;Timeout error
180;0;0;0x0000;Timeout error
181;0;0;0x0000;Timeout error
182;0;0;0x0000;Timeout error
183;0;0;0x0000;Timeout error
184;0;0;0x0000;Timeout error
185;0;0;0x0000;Timeout error
186;0;0;0x0000;Timeout error
187;0;0;0x0000;Timeout error
188;0;0;0x0000;Timeout error
189;0;0;0x0000;Timeout error
190;0;0;0x0000;Timeout error
191;0;0;0x0000;Timeout error
192;0;0;0x0000;Timeout error
193;0;0;0x0000;Timeout error
194;0;0;0x0000;Timeout error
195;0;0;0x0000;Timeout error
196;0;0;0x0000;Timeout error
197;0;0;0x0000;Timeout error
198;0;0;0x0000;Timeout error
199;0;0;0x0000;Timeout error
200;0;0;0x0000;Timeout error
201;0;0;0x0000;Timeout error
202;0;0;0x0000;Timeout error
203;0;0;0x0000;Timeout error
204;0;0;0x0000;Timeout error
205;0;0;0x0000;Timeout error
206;0;0;0x0000;Timeout error
207;0;0;0x0000;Timeout error
208;0;0;0x0000;Timeout error
209;0;0;0x0000;Timeout error
210;0;0;0x0000;Timeout error
211;0;0;0x0000;Timeout error
212;0;0;0x0000;Timeout error
213;0;0;0x0000;Timeout error
214;0;0;0x0000;Timeout error
215;0;0;0x0000;Timeout error
216;0;0;0x0000;Timeout error
217;0;0;0x0000;Timeout error
218;0;0;0x0000;Timeout error
219;0;0;0x0000;Timeout error
220;0;0;0x0000;Timeout error
221;0;0;0x0000;Timeout error
222;0;0;0x0000;Timeout error
223;0;0;0x0000;Timeout error
224;0;0;0x0000;Timeout error
225;0;0;0x0000;Timeout error
226;0;0;0x0000;Timeout error
227;0;0;0x0000;Timeout error
228;0;0;0x0000;Timeout error
229;0;0;0x0000;Timeout error
230;0;0;0x0000;Timeout error
231;0;0;0x0000;Timeout error
232;0;0;0x0000;Timeout error
233;0;0;0x0000;Timeout error
234;0;0;0x0000;Timeout error
235;0;0;0x0000;Timeout error
236;0;0;0x0000;Timeout error
237;0;0;0x0000;Timeout error
238;0;0;0x0000;Timeout error
239;0;0;0x0000;Timeout error
240;0;0;0x0000;Timeout error
241;0;0;0x0000;Timeout error
242;0;0;0x0000;Timeout error
243;0;0;0x0000;Timeout error
244;0;0;0x0000;Timeout error
245;0;0;0x0000;Timeout error
246;0;0;0x0000;Timeout error
247;0;0;0x0000;Timeout error
248;0;0;0x0000;Timeout error
249;0;0;0x0000;Timeout error
250;0;0;0x0000;Timeout error
251;0;0;0x0000;Timeout error
252;0;0;0x0000;Timeout error
253;0;0;0x0000;Timeout error
254;0;0;0x0000;Timeout error
255;0;0;0x0000;Timeout error
256;0;0;0x0000;Timeout error
257;0;0;0x0000;Timeout error
258;0;0;0x0000;Timeout error
259;0;0;0x0000;Timeout error
260;0;0;0x0000;Timeout error
261;0;0;0x0000;Timeout error
262;0;0;0x0000;Timeout error
263;0;0;0x0000;Timeout error
264;0;0;0x0000;Timeout error
265;0;0;0x0000;Timeout error
266;0;0;0x0000;Timeout error
267;0;0;0x0000;Timeout error
268;0;0;0x0000;Timeout error
269;0;0;0x0000;Timeout error
270;0;0;0x0000;Timeout error
271;0;0;0x0000;Timeout error
272;0;0;0x0000;Timeout error
273;0;0;0x0000;Timeout error
274;0;0;0x0000;Timeout error
275;0;0;0x0000;Timeout error
276;0;0;0x0000;Timeout error
277;0;0;0x0000;Timeout error
278;0;0;0x0000;Timeout error
279;0;0;0x0000;Timeout error
280;0;0;0x0000;Timeout error
281;0;0;0x0000;Timeout error
282;0;0;0x0000;Timeout error
283;0;0;0x0000;Timeout error
284;0;0;0x0000;Timeout error
285;0;0;0x0000;Timeout error
286;0;0;0x0000;Timeout error
287;0;0;0x0000;Timeout error
288;0;0;0x0000;Timeout error
289;0;0;0x0000;Timeout error
290;0;0;0x0000;Timeout error
291;0;0;0x0000;Timeout error
292;0;0;0x0000;Timeout error
293;0;0;0x0000;Timeout error
294;0;0;0x0000;Timeout error
295;0;0;0x0000;Timeout error
296;0;0;0x0000;Timeout error
297;0;0;0x0000;Timeout error
298;0;0;0x0000;Timeout error
299;0;0;0x0000;Timeout error
300;0;0;0x0000;Timeout error
301;0;0;0x0000;Timeout error
302;0;0;0x0000;Timeout error
303;0;0;0x0000;Timeout error
304;0;0;0x0000;Timeout error
305;0;0;0x0000;Timeout error
306;0;0;0x0000;Timeout error
307;0;0;0x0000;Timeout error
308;0;0;0x0000;Timeout error
309;0;0;0x0000;Timeout error
310;0;0;0x0000;Timeout error
311;0;0;0x0000;Timeout error
312;0;0;0x0000;Timeout error
313;0;0;0x0000;Timeout error
314;0;0;0x0000;Timeout error
315;0;0;0x0000;Timeout error
316;0;0;0x0000;Timeout error
317;0;0;0x0000;Timeout error
318;0;0;0x0000;Timeout error
319;0;0;0x0000;Timeout error
320;0;0;0x0000;Timeout error
321;0;0;0x0000;Timeout error
322;0;0;0x0000;Timeout error
323;0;0;0x0000;Timeout error
324;0;0;0x0000;Timeout error
325;0;0;0x0000;Timeout error
326;0;0;0x0000;Timeout error
327;0;0;0x0000;Timeout error
328;0;0;0x0000;Timeout error
329;0;0;0x0000;Timeout error
330;0;0;0x0000;Timeout error
331;0;0;0x0000;Timeout error
332;0;0;0x0000;Timeout error
333;0;0;0x0000;Timeout error
334;0;0;0x0000;Timeout error
335;0;0;0x0000;Timeout error
336;0;0;0x0000;Timeout error
337;0;0;0x0000;Timeout error
338;0;0;0x0000;Timeout error
339;0;0;0x0000;Timeout error
340;0;0;0x0000;Timeout error
341;0;0;0x0000;Timeout error
342;0;0;0x0000;Timeout error
343;0;0;0x0000;Timeout error
344;0;0;0x0000;Timeout error
345;0;0;0x0000;Timeout error
346;0;0;0x0000;Timeout error
347;0;0;0x0000;Timeout error
348;0;0;0x0000;Timeout error
349;0;0;0x0000;Timeout error
350;0;0;0x0000;Timeout error
351;0;0;0x0000;Timeout error
352;0;0;0x0000;Timeout error
353;0;0;0x0000;Timeout error
354;0;0;0x0000;Timeout error
355;0;0;0x0000;Timeout error
356;0;0;0x0000;Timeout error
357;0;0;0x0000;Timeout error
358;0;0;0x0000;Timeout error
359;0;0;0x0000;Timeout error
360;0;0;0x0000;Timeout error
361;0;0;0x0000;Timeout error
362;0;0;0x0000;Timeout error
363;0;0;0x0000;Timeout error
364;0;0;0x0000;Timeout error
365;0;0;0x0000;Timeout error
366;0;0;0x0000;Timeout error
367;0;0;0x0000;Timeout error
368;0;0;0x0000;Timeout error
369;0;0;0x0000;Timeout error
370;0;0;0x0000;Timeout error
371;0;0;0x0000;Timeout error
372;0;0;0x0000;Timeout error
373;0;0;0x0000;Timeout error
374;0;0;0x0000;Timeout error
375;0;0;0x0000;Timeout error
376;0;0;0x0000;Timeout error
377;0;0;0x0000;Timeout error
378;0;0;0x0000;Timeout error
379;0;0;0x0000;Timeout error
380;0;0;0x0000;Timeout error
381;0;0;0x0000;Timeout error
382;0;0;0x0000;Timeout error
383;0;0;0x0000;Timeout error
384;0;0;0x0000;Timeout error
385;0;0;0x0000;Timeout error
386;0;0;0x0000;Timeout error
387;0;0;0x0000;Timeout error
388;0;0;0x0000;Timeout error
389;0;0;0x0000;Timeout error
390;0;0;0x0000;Timeout error
391;0;0;0x0000;Timeout error
392;0;0;0x0000;Timeout error
393;0;0;0x0000;Timeout error
394;0;0;0x0000;Timeout error
395;0;0;0x0000;Timeout error
396;0;0;0x0000;Timeout error
397;0;0;0x0000;Timeout error
398;0;0;0x0000;Timeout error
399;0;0;0x0000;Timeout error
400;0;0;0x0000;Timeout error
401;0;0;0x0000;Timeout error
402;0;0;0x0000;Timeout error
403;0;0;0x0000;Timeout error
404;0;0;0x0000;Timeout error
405;0;0;0x0000;Timeout error
406;0;0;0x0000;Timeout error
407;0;0;0x0000;Timeout error
408;0;0;0x0000;Timeout error
409;0;0;0x0000;Timeout error
410;0;0;0x0000;Timeout error
411;0;0;0x0000;Timeout error
412;0;0;0x0000;Timeout error
413;0;0;0x0000;Timeout error
414;0;0;0x0000;Timeout error
415;0;0;0x0000;Timeout error
416;0;0;0x0000;Timeout error
417;0;0;0x0000;Timeout error
418;0;0;0x0000;Timeout error
419;0;0;0x0000;Timeout error
420;0;0;0x0000;Timeout error
421;0;0;0x0000;Timeout error
422;0;0;0x0000;Timeout error
423;0;0;0x0000;Timeout error
424;0;0;0x0000;Timeout error
425;0;0;0x0000;Timeout error
426;0;0;0x0000;Timeout error
427;0;0;0x0000;Timeout error
428;0;0;0x0000;Timeout error
429;0;0;0x0000;Timeout error
430;0;0;0x0000;Timeout error
431;0;0;0x0000;Timeout error
432;0;0;0x0000;Timeout error
433;0;0;0x0000;Timeout error
434;0;0;0x0000;Timeout error
435;0;0;0x0000;Timeout error
436;0;0;0x0000;Timeout error
437;0;0;0x0000;Timeout error
438;0;0;0x0000;Timeout error
439;0;0;0x0000;Timeout error
440;0;0;0x0000;Timeout error
441;0;0;0x0000;Timeout error
442;0;0;0x0000;Timeout error
443;0;0;0x0000;Timeout error
444;0;0;0x0000;Timeout error
445;0;0;0x0000;Timeout error
446;0;0;0x0000;Timeout error
447;0;0;0x0000;Timeout error
448;0;0;0x0000;Timeout error
449;0;0;0x0000;Timeout error
450;0;0;0x0000;Timeout error
451;0;0;0x0000;Timeout error
452;0;0;0x0000;Timeout error
453;0;0;0x0000;Timeout error
454;0;0;0x0000;Timeout error
455;0;0;0x0000;Timeout error
456;0;0;0x0000;Timeout error
457;0;0;0x0000;Timeout error
458;0;0;0x0000;Timeout error
459;0;0;0x0000;Timeout error
460;0;0;0x0000;Timeout error
461;0;0;0x0000;Timeout error
462;0;0;0x0000;Timeout error
463;0;0;0x0000;Timeout error
464;0;0;0x0000;Timeout error
465;0;0;0x0000;Timeout error
466;0;0;0x0000;Timeout error
467;0;0;0x0000;Timeout error
468;0;0;0x0000;Timeout error
469;0;0;0x0000;Timeout error
470;0;0;0x0000;Timeout error
471;0;0;0x0000;Timeout error
472;0;0;0x0000;Timeout error
473;0;0;0x0000;Timeout error
474;0;0;0x0000;Timeout error
475;0;0;0x0000;Timeout error
476;0;0;0x0000;Timeout error
477;0;0;0x0000;Timeout error
478;0;0;0x0000;Timeout error
479;0;0;0x0000;Timeout error
480;0;0;0x0000;Timeout error
481;0;0;0x0000;Timeout error
482;0;0;0x0000;Timeout error
483;0;0;0x0000;Timeout error
484;0;0;0x0000;Timeout error
485;0;0;0x0000;Timeout error
486;0;0;0x0000;Timeout error
487;0;0;0x0000;Timeout error
488;0;0;0x0000;Timeout error
489;0;0;0x0000;Timeout error
490;0;0;0x0000;Timeout error
491;0;0;0x0000;Timeout error
492;0;0;0x0000;Timeout error
493;0;0;0x0000;Timeout error
494;0;0;0x0000;Timeout error
495;0;0;0x0000;Timeout error
496;0;0;0x0000;Timeout error
497;0;0;0x0000;Timeout error
498;0;0;0x0000;Timeout error
499;0;0;0x0000;Timeout error
500;0;0;0x0000;Timeout error
501;0;0;0x0000;Timeout error
502;0;0;0x0000;Timeout error
503;0;0;0x0000;Timeout error
504;0;0;0x0000;Timeout error
505;0;0;0x0000;Timeout error
506;0;0;0x0000;Timeout error
507;0;0;0x0000;Timeout error
508;0;0;0x0000;Timeout error
509;0;0;0x0000;Timeout error
510;0;0;0x0000;Timeout error
511;0;0;0x0000;Timeout error
512;0;0;0x0000;Timeout error
513;0;0;0x0000;Timeout error
514;0;0;0x0000;Timeout error
515;0;0;0x0000;Timeout error
516;0;0;0x0000;Timeout error
517;0;0;0x0000;Timeout error
518;0;0;0x0000;Timeout error
519;0;0;0x0000;Timeout error
520;0;0;0x0000;Timeout error
521;0;0;0x0000;Timeout error
522;0;0;0x0000;Timeout error
523;0;0;0x0000;Timeout error
524;0;0;0x0000;Timeout error
525;0;0;0x0000;Timeout error
526;0;0;0x0000;Timeout error
527;0;0;0x0000;Timeout error
528;0;0;0x0000;Timeout error
529;0;0;0x0000;Timeout error
530;0;0;0x0000;Timeout error
531;0;0;0x0000;Timeout error
532;0;0;0x0000;Timeout error
533;0;0;0x0000;Timeout error
534;0;0;0x0000;Timeout error
535;0;0;0x0000;Timeout error
536;0;0;0x0000;Timeout error
537;0;0;0x0000;Timeout error
538;0;0;0x0000;Timeout error
539;0;0;0x0000;Timeout error
540;0;0;0x0000;Timeout error
541;0;0;0x0000;Timeout error
542;0;0;0x0000;Timeout error
543;0;0;0x0000;Timeout error
544;0;0;0x0000;Timeout error
545;0;0;0x0000;Timeout error
546;0;0;0x0000;Timeout error
547;0;0;0x0000;Timeout error
548;0;0;0x0000;Timeout error
549;0;0;0x0000;Timeout error
550;0;0;0x0000;Timeout error
551;0;0;0x0000;Timeout error
552;0;0;0x0000;Timeout error
553;0;0;0x0000;Timeout error
554;0;0;0x0000;Timeout error
555;0;0;0x0000;Timeout error
556;0;0;0x0000;Timeout error
557;0;0;0x0000;Timeout error
558;0;0;0x0000;Timeout error
559;0;0;0x0000;Timeout error
560;0;0;0x0000;Timeout error
561;0;0;0x0000;Timeout error
562;0;0;0x0000;Timeout error
563;0;0;0x0000;Timeout error
564;0;0;0x0000;Timeout error
565;0;0;0x0000;Timeout error
566;0;0;0x0000;Timeout error
567;0;0;0x0000;Timeout error
568;0;0;0x0000;Timeout error
569;0;0;0x0000;Timeout error
570;0;0;0x0000;Timeout error
571;0;0;0x0000;Timeout error
572;0;0;0x0000;Timeout error
573;0;0;0x0000;Timeout error
574;0;0;0x0000;Timeout error
575;0;0;0x0000;Timeout error
576;0;0;0x0000;Timeout error
577;0;0;0x0000;Timeout error
578;0;0;0x0000;Timeout error
579;0;0;0x0000;Timeout error
580;0;0;0x0000;Timeout error
581;0;0;0x0000;Timeout error
582;0;0;0x0000;Timeout error
583;0;0;0x0000;Timeout error
584;0;0;0x0000;Timeout error
585;0;0;0x0000;Timeout error
586;0;0;0x0000;Timeout error
587;0;0;0x0000;Timeout error
588;0;0;0x0000;Timeout error
589;0;0;0x0000;Timeout error
590;0;0;0x0000;Timeout error
591;0;0;0x0000;Timeout error
592;0;0;0x0000;Timeout error
593;0;0;0x0000;Timeout error
594;0;0;0x0000;Timeout error
595;0;0;0x0000;Timeout error
596;0;0;0x0000;Timeout error
597;0;0;0x0000;Timeout error
598;0;0;0x0000;Timeout error
599;0;0;0x0000;Timeout error
600;0;0;0x0000;Timeout error
601;0;0;0x0000;Timeout error
602;0;0;0x0000;Timeout error
603;0;0;0x0000;Timeout error
604;0;0;0x0000;Timeout error
605;0;0;0x0000;Timeout error
606;0;0;0x0000;Timeout error
607;0;0;0x0000;Timeout error
608;0;0;0x0000;Timeout error
609;0;0;0x0000;Timeout error
610;0;0;0x0000;Timeout error
611;0;0;0x0000;Timeout error
612;0;0;0x0000;Timeout error
613;0;0;0x0000;Timeout error
614;0;0;0x0000;Timeout error
615;0;0;0x0000;Timeout error
616;0;0;0x0000;Timeout error
617;0;0;0x0000;Timeout error
618;0;0;0x0000;Timeout error
619;0;0;0x0000;Timeout error
620;0;0;0x0000;Timeout error
621;0;0;0x0000;Timeout error
622;0;0;0x0000;Timeout error
623;0;0;0x0000;Timeout error
624;0;0;0x0000;Timeout error
625;0;0;0x0000;Timeout error
626;0;0;0x0000;Timeout error
627;0;0;0x0000;Timeout error
628;0;0;0x0000;Timeout error
629;0;0;0x0000;Timeout error
630;0;0;0x0000;Timeout error
631;0;0;0x0000;Timeout error
632;0;0;0x0000;Timeout error
633;0;0;0x0000;Timeout error
634;0;0;0x0000;Timeout error
635;0;0;0x0000;Timeout error
636;0;0;0x0000;Timeout error
637;0;0;0x0000;Timeout error
638;0;0;0x0000;Timeout error
639;0;0;0x0000;Timeout error
640;0;0;0x0000;Timeout error
641;0;0;0x0000;Timeout error
642;0;0;0x0000;Timeout error
643;0;0;0x0000;Timeout error
644;0;0;0x0000;Timeout error
645;0;0;0x0000;Timeout error
646;0;0;0x0000;Timeout error
647;0;0;0x0000;Timeout error
648;0;0;0x0000;Timeout error
649;0;0;0x0000;Timeout error
650;0;0;0x0000;Timeout error
651;0;0;0x0000;Timeout error
652;0;0;0x0000;Timeout error
653;0;0;0x0000;Timeout error
654;0;0;0x0000;Timeout error
655;0;0;0x0000;Timeout error
656;0;0;0x0000;Timeout error
657;0;0;0x0000;Timeout error
658;0;0;0x0000;Timeout error
659;0;0;0x0000;Timeout error
660;0;0;0x0000;Timeout error
661;0;0;0x0000;Timeout error
662;0;0;0x0000;Timeout error
663;0;0;0x0000;Timeout error
664;0;0;0x0000;Timeout error
665;0;0;0x0000;Timeout error
666;0;0;0x0000;Timeout error
667;0;0;0x0000;Timeout error
668;0;0;0x0000;Timeout error
669;0;0;0x0000;Timeout error
670;0;0;0x0000;Timeout error
671;0;0;0x0000;Timeout error
672;0;0;0x0000;Timeout error
673;0;0;0x0000;Timeout error
674;0;0;0x0000;Timeout error
675;0;0;0x0000;Timeout error
676;0;0;0x0000;Timeout error
677;0;0;0x0000;Timeout error
678;0;0;0x0000;Timeout error
679;0;0;0x0000;Timeout error
680;0;0;0x0000;Timeout error
681;0;0;0x0000;Timeout error
682;0;0;0x0000;Timeout error
683;0;0;0x0000;Timeout error
684;0;0;0x0000;Timeout error
685;0;0;0x0000;Timeout error
686;0;0;0x0000;Timeout error
687;0;0;0x0000;Timeout error
688;0;0;0x0000;Timeout error
689;0;0;0x0000;Timeout error
690;0;0;0x0000;Timeout error
691;0;0;0x0000;Timeout error
692;0;0;0x0000;Timeout error
693;0;0;0x0000;Timeout error
694;0;0;0x0000;Timeout error
695;0;0;0x0000;Timeout error
696;0;0;0x0000;Timeout error
697;0;0;0x0000;Timeout error
698;0;0;0x0000;Timeout error
699;0;0;0x0000;Timeout error
700;0;0;0x0000;Timeout error
701;0;0;0x0000;Timeout error
702;0;0;0x0000;Timeout error
703;0;0;0x0000;Timeout error
704;0;0;0x0000;Timeout error
705;0;0;0x0000;Timeout error
706;0;0;0x0000;Timeout error
707;0;0;0x0000;Timeout error
708;0;0;0x0000;Timeout error
709;0;0;0x0000;Timeout error
710;0;0;0x0000;Timeout error
711;0;0;0x0000;Timeout error
712;0;0;0x0000;Timeout error
713;0;0;0x0000;Timeout error
714;0;0;0x0000;Timeout error
715;0;0;0x0000;Timeout error
716;0;0;0x0000;Timeout error
717;0;0;0x0000;Timeout error
718;0;0;0x0000;Timeout error
719;0;0;0x0000;Timeout error
720;0;0;0x0000;Timeout error
721;0;0;0x0000;Timeout error
722;0;0;0x0000;Timeout error
723;0;0;0x0000;Timeout error
724;0;0;0x0000;Timeout error
725;0;0;0x0000;Timeout error
726;0;0;0x0000;Timeout error
727;0;0;0x0000;Timeout error
728;0;0;0x0000;Timeout error
729;0;0;0x0000;Timeout error
730;0;0;0x0000;Timeout error
731;0;0;0x0000;Timeout error
732;0;0;0x0000;Timeout error
733;0;0;0x0000;Timeout error
734;0;0;0x0000;Timeout error
735;0;0;0x0000;Timeout error
736;0;0;0x0000;Timeout error
737;0;0;0x0000;Timeout error
738;0;0;0x0000;Timeout error
739;0;0;0x0000;Timeout error
740;0;0;0x0000;Timeout error
741;0;0;0x0000;Timeout error
742;0;0;0x0000;Timeout error
743;0;0;0x0000;Timeout error
744;0;0;0x0000;Timeout error
745;0;0;0x0000;Timeout error
746;0;0;0x0000;Timeout error
747;0;0;0x0000;Timeout error
748;0;0;0x0000;Timeout error
749;0;0;0x0000;Timeout error
750;0;0;0x0000;Timeout error
751;0;0;0x0000;Timeout error
752;0;0;0x0000;Timeout error
753;0;0;0x0000;Timeout error
754;0;0;0x0000;Timeout error
755;0;0;0x0000;Timeout error
756;0;0;0x0000;Timeout error
757;0;0;0x0000;Timeout error
758;0;0;0x0000;Timeout error
759;0;0;0x0000;Timeout error
760;0;0;0x0000;Timeout error
761;0;0;0x0000;Timeout error
762;0;0;0x0000;Timeout error
763;0;0;0x0000;Timeout error
764;0;0;0x0000;Timeout error
765;0;0;0x0000;Timeout error
766;0;0;0x0000;Timeout error
767;0;0;0x0000;Timeout error
768;0;0;0x0000;Timeout error
769;0;0;0x0000;Timeout error
770;0;0;0x0000;Timeout error
771;0;0;0x0000;Timeout error
772;0;0;0x0000;Timeout error
773;0;0;0x0000;Timeout error
774;0;0;0x0000;Timeout error
775;0;0;0x0000;Timeout error
776;0;0;0x0000;Timeout error
777;0;0;0x0000;Timeout error
778;0;0;0x0000;Timeout error
779;0;0;0x0000;Timeout error
780;0;0;0x0000;Timeout error
781;0;0;0x0000;Timeout error
782;0;0;0x0000;Timeout error
783;0;0;0x0000;Timeout error
784;0;0;0x0000;Timeout error
785;0;0;0x0000;Timeout error
786;0;0;0x0000;Timeout error
787;0;0;0x0000;Timeout error
788;0;0;0x0000;Timeout error
789;0;0;0x0000;Timeout error
790;0;0;0x0000;Timeout error
791;0;0;0x0000;Timeout error
792;0;0;0x0000;Timeout error
793;0;0;0x0000;Timeout error
794;0;0;0x0000;Timeout error
795;0;0;0x0000;Timeout error
796;0;0;0x0000;Timeout error
797;0;0;0x0000;Timeout error
798;0;0;0x0000;Timeout error
799;0;0;0x0000;Timeout error
800;0;0;0x0000;Timeout error
801;0;0;0x0000;Timeout error
802;0;0;0x0000;Timeout error
803;0;0;0x0000;Timeout error
804;0;0;0x0000;Timeout error
805;0;0;0x0000;Timeout error
806;0;0;0x0000;Timeout error
807;0;0;0x0000;Timeout error
808;0;0;0x0000;Timeout error
809;0;0;0x0000;Timeout error
810;0;0;0x0000;Timeout error
811;0;0;0x0000;Timeout error
812;0;0;0x0000;Timeout error
813;0;0;0x0000;Timeout error
814;0;0;0x0000;Timeout error
815;0;0;0x0000;Timeout error
816;0;0;0x0000;Timeout error
817;0;0;0x0000;Timeout error
818;0;0;0x0000;Timeout error
819;0;0;0x0000;Timeout error
820;0;0;0x0000;Timeout error
821;0;0;0x0000;Timeout error
822;0;0;0x0000;Timeout error
823;0;0;0x0000;Timeout error
824;0;0;0x0000;Timeout error
825;0;0;0x0000;Timeout error
826;0;0;0x0000;Timeout error
827;0;0;0x0000;Timeout error
828;0;0;0x0000;Timeout error
829;0;0;0x0000;Timeout error
830;0;0;0x0000;Timeout error
831;0;0;0x0000;Timeout error
832;0;0;0x0000;Timeout error
833;0;0;0x0000;Timeout error
834;0;0;0x0000;Timeout error
835;0;0;0x0000;Timeout error
836;0;0;0x0000;Timeout error
837;0;0;0x0000;Timeout error
838;0;0;0x0000;Timeout error
839;0;0;0x0000;Timeout error
840;0;0;0x0000;Timeout error
841;0;0;0x0000;Timeout error
842;0;0;0x0000;Timeout error
843;0;0;0x0000;Timeout error
844;0;0;0x0000;Timeout error
845;0;0;0x0000;Timeout error
846;0;0;0x0000;Timeout error
847;0;0;0x0000;Timeout error
848;0;0;0x0000;Timeout error
849;0;0;0x0000;Timeout error
850;0;0;0x0000;Timeout error
851;0;0;0x0000;Timeout error
852;0;0;0x0000;Timeout error
853;0;0;0x0000;Timeout error
854;0;0;0x0000;Timeout error
855;0;0;0x0000;Timeout error
856;0;0;0x0000;Timeout error
857;0;0;0x0000;Timeout error
858;0;0;0x0000;Timeout error
859;0;0;0x0000;Timeout error
860;0;0;0x0000;Timeout error
861;0;0;0x0000;Timeout error
862;0;0;0x0000;Timeout error
863;0;0;0x0000;Timeout error
864;0;0;0x0000;Timeout error
865;0;0;0x0000;Timeout error
866;0;0;0x0000;Timeout error
867;0;0;0x0000;Timeout error
868;0;0;0x0000;Timeout error
869;0;0;0x0000;Timeout error
870;0;0;0x0000;Timeout error
871;0;0;0x0000;Timeout error
872;0;0;0x0000;Timeout error
873;0;0;0x0000;Timeout error
874;0;0;0x0000;Timeout error
875;0;0;0x0000;Timeout error
876;0;0;0x0000;Timeout error
877;0;0;0x0000;Timeout error
878;0;0;0x0000;Timeout error
879;0;0;0x0000;Timeout error
880;0;0;0x0000;Timeout error
881;0;0;0x0000;Timeout error
882;0;0;0x0000;Timeout error
883;0;0;0x0000;Timeout error
884;0;0;0x0000;Timeout error
885;0;0;0x0000;Timeout error
886;0;0;0x0000;Timeout error
887;0;0;0x0000;Timeout error
888;0;0;0x0000;Timeout error
889;0;0;0x0000;Timeout error
890;0;0;0x0000;Timeout error
891;0;0;0x0000;Timeout error
892;0;0;0x0000;Timeout error
893;0;0;0x0000;Timeout error
894;0;0;0x0000;Timeout error
895;0;0;0x0000;Timeout error
896;0;0;0x0000;Timeout error
897;0;0;0x0000;Timeout error
898;0;0;0x0000;Timeout error
899;0;0;0x0000;Timeout error
900;0;0;0x0000;Timeout error
901;0;0;0x0000;Timeout error
902;0;0;0x0000;Timeout error
903;0;0;0x0000;Timeout error
904;0;0;0x0000;Timeout error
905;0;0;0x0000;Timeout error
906;0;0;0x0000;Timeout error
907;0;0;0x0000;Timeout error
908;0;0;0x0000;Timeout error
909;0;0;0x0000;Timeout error
910;0;0;0x0000;Timeout error
911;0;0;0x0000;Timeout error
912;0;0;0x0000;Timeout error
913;0;0;0x0000;Timeout error
914;0;0;0x0000;Timeout error
915;0;0;0x0000;Timeout error
916;0;0;0x0000;Timeout error
917;0;0;0x0000;Timeout error
918;0;0;0x0000;Timeout error
919;0;0;0x0000;Timeout error
920;0;0;0x0000;Timeout error
921;0;0;0x0000;Timeout error
922;0;0;0x0000;Timeout error
923;0;0;0x0000;Timeout error
924;0;0;0x0000;Timeout error
925;0;0;0x0000;Timeout error
926;0;0;0x0000;Timeout error
927;0;0;0x0000;Timeout error
928;0;0;0x0000;Timeout error
929;0;0;0x0000;Timeout error
930;0;0;0x0000;Timeout error
931;0;0;0x0000;Timeout error
932;0;0;0x0000;Timeout error
933;0;0;0x0000;Timeout error
934;0;0;0x0000;Timeout error
935;0;0;0x0000;Timeout error
936;0;0;0x0000;Timeout error
937;0;0;0x0000;Timeout error
938;0;0;0x0000;Timeout error
939;0;0;0x0000;Timeout error
940;0;0;0x0000;Timeout error
941;0;0;0x0000;Timeout error
942;0;0;0x0000;Timeout error
943;0;0;0x0000;Timeout error
944;0;0;0x0000;Timeout error
945;0;0;0x0000;Timeout error
946;0;0;0x0000;Timeout error
947;0;0;0x0000;Timeout error
948;0;0;0x0000;Timeout error
949;0;0;0x0000;Timeout error
950;0;0;0x0000;Timeout error
951;0;0;0x0000;Timeout error
952;0;0;0x0000;Timeout error
953;0;0;0x0000;Timeout error
954;0;0;0x0000;Timeout error
955;0;0;0x0000;Timeout error
956;0;0;0x0000;Timeout error
957;0;0;0x0000;Timeout error
958;0;0;0x0000;Timeout error
959;0;0;0x0000;Timeout error
960;0;0;0x0000;Timeout error
961;0;0;0x0000;Timeout error
962;0;0;0x0000;Timeout error
963;0;0;0x0000;Timeout error
964;0;0;0x0000;Timeout error
965;0;0;0x0000;Timeout error
966;0;0;0x0000;Timeout error
967;0;0;0x0000;Timeout error
968;0;0;0x0000;Timeout error
969;0;0;0x0000;Timeout error
970;0;0;0x0000;Timeout error
971;0;0;0x0000;Timeout error
972;0;0;0x0000;Timeout error
973;0;0;0x0000;Timeout error
974;0;0;0x0000;Timeout error
975;0;0;0x0000;Timeout error
976;0;0;0x0000;Timeout error
977;0;0;0x0000;Timeout error
978;0;0;0x0000;Timeout error
979;0;0;0x0000;Timeout error
980;0;0;0x0000;Timeout error
981;0;0;0x0000;Timeout error
982;0;0;0x0000;Timeout error
983;0;0;0x0000;Timeout error
984;0;0;0x0000;Timeout error
985;0;0;0x0000;Timeout error
986;0;0;0x0000;Timeout error
987;0;0;0x0000;Timeout error
988;0;0;0x0000;Timeout error
989;0;0;0x0000;Timeout error
990;0;0;0x0000;Timeout error
991;0;0;0x0000;Timeout error
992;0;0;0x0000;Timeout error
993;0;0;0x0000;Timeout error
994;0;0;0x0000;Timeout error
995;0;0;0x0000;Timeout error
996;0;0;0x0000;Timeout error
997;0;0;0x0000;Timeout error
998;0;0;0x0000;Timeout error
999;0;0;0x0000;Timeout error
1000;0;0;0x0000;Timeout error
