VariableName;VariableType;IsRetain;DefaultValue;Comment;MetaType;CatalogPath
Имя переменной;Тип переменной;Энергонезависимость;Значение по умолчанию;Комментарий;Метатип;Путь в каталоге
Troom_2-1;Float;No;0;;Ram;
Troom_2-2;Float;No;0;;Ram;
Troom_2-3;Float;No;0;;Ram;
userSeasonLocal;Boolean;Yes;1;;Ram;
season;Boolean;No;0;;Ram;
coldPermit;Boolean;No;0;;Ram;
heatPermit;Boolean;No;0;;Ram;
curentTime;Long;No;0;;Ram;
connect_K1_Intesis;Boolean;No;0;;Ram;
K1_Start_User;Boolean;No;0;;Ram;
setTempWinter;Long;Yes;8;;Ram;
setTempSummer;Long;Yes;15;;Ram;
TRoom_2_calc;Float;No;0;;Ram;
K1_Setpoint_R;Long;No;0;;Ram;
K2_Start_User;Boolean;No;0;;Ram;
connect_K2_Intesis;Boolean;No;0;;Ram;
airRegRoom1;Float;Yes;0;;Ram;
pid_Kp;Float;Yes;0,005;;Ram;
pid_Ti;Float;Yes;0,4;;Ram;
pid_Td;Float;Yes;1;;Ram;
pidR1_limMin;Float;Yes;5;;Ram;
pidR1_limMax;Float;Yes;100;;Ram;
TRoom_1;Float;No;0;;Ram;
airRegRoom2;Float;Yes;0;;Ram;
airRegRoom3;Float;Yes;0;;Ram;
K1_fanSpeed;Long;No;0;;Ram;
K1_status;Boolean;No;0;;Ram;
K1_mod;Long;No;0;;Ram;
K1_TempRoom;Long;No;0;;Ram;
screenTime;Long;No;0;;Ram;
Out_1-1;Float;No;0;;Ram;
Out_1-2;Float;No;0;;Ram;
Out_1-3;Float;No;0;;Ram;
outUserSet_1-1;Boolean;Yes;0;;Ram;
outUserSet_1-2;Boolean;Yes;0;;Ram;
outUserSet_1-3;Boolean;Yes;0;;Ram;
outUserValue_1-1;Float;Yes;45;;Ram;
outUserValue_1-2;Float;Yes;50;;Ram;
outUserValue_1-3;Float;Yes;55;;Ram;
K1_mod_User;Long;No;0;;Ram;
K1_fanSpeed_User;Long;No;0;;Ram;
setRoom_2-1;Float;No;18,5;;Ram;
setRoom_2-2;Float;No;18,5;;Ram;
setRoom_2-3;Float;No;20,2;;Ram;
setRoom_2_calc;Long;No;0;;Ram;
setRoom_1;Float;No;22,6;;Ram;
K1_connected;Boolean;No;0;;Ram;
K2_connected;Boolean;No;0;;Ram;
K2_status;Boolean;No;0;;Ram;
K2_Setpoint_User;Long;No;22;;Ram;
K2_mod;Long;No;0;;Ram;
K2_mod_User;Long;No;0;;Ram;
K2_fanSpeed;Long;No;0;;Ram;
K2_fanSpeed_User;Long;No;0;;Ram;
K2_Setpoint_R;Long;No;0;;Ram;
_init;Boolean;No;0;;Ram;
_initReset;Boolean;Yes;0;;Ram;
setlocalRoom_2-1;Float;Yes;20,5;;Ram;
setlocalRoom_2-2;Float;Yes;20,5;;Ram;
setlocalRoom_2-3;Float;Yes;21,5;;Ram;
setlocalRoom_1;Float;Yes;20;;Ram;
K2_TempRoom;Long;No;0;;Ram;
warn_Tout;Boolean;No;0;;Ram;
warn_T1_1;Boolean;No;0;;Ram;
warn_T1_2;Boolean;No;0;;Ram;
warn_T1_3;Boolean;No;0;;Ram;
xUpdatePermit;Boolean;No;0;;Ram;
xAlarm;Boolean;No;0;;Ram;
xWarm;Boolean;No;0;;Ram;
userMinTempWork;Float;Yes;-2;;Ram;
userMaxTempWork;Float;Yes;50;;Ram;
xStart;Boolean;No;1;;Ram;
userMinTimeStart;Long;Yes;5;;Ram;
alarm_Tout;Boolean;No;0;;Ram;
alarm_T_2_1;Boolean;No;0;;Ram;
alarm_T_2_2;Boolean;No;0;;Ram;
alarm_T_2_3;Boolean;No;0;;Ram;
pidR2_limMin;Float;Yes;8;;Ram;
pidR2_limMax;Float;Yes;100;;Ram;
pidR3_limMin;Float;Yes;10;;Ram;
pidR3_limMax;Float;Yes;100;;Ram;
userTimeUpdate;Long;Yes;5;;Ram;
sensorTout;Float;No;0;;Ram;
sensorT2_1;Float;No;0;;Ram;
sensorT2_2;Float;No;0;;Ram;
sensorT2_3;Float;No;0;;Ram;
_Blink;Boolean;No;0;;Ram;
K1_mB_speed;Long;No;0;;Ram;
K2_mB_speed;Long;No;0;;Ram;
K1_Setpoint_User;Long;No;21;;Ram;
showOut_1;Float;No;0;;Ram;
showOut_2;Float;No;0;;Ram;
showOut_3;Float;No;0;;Ram;
seson_No;Boolean;No;0;;Ram;
xAlarm_No;Boolean;No;0;;Ram;
xWarm_No;Boolean;No;0;;Ram;
xPidStart;Boolean;Yes;1;;Ram;
showScreenAlarm;Boolean;No;0;;Ram;
showScreenWarn;Boolean;No;0;;Ram;
showScreenAlarm_reset;Boolean;No;0;;Ram;
showScreenWarn_reset;Boolean;No;0;;Ram;
xResetAlarm;Boolean;No;0;;Ram;
xResetWarn;Boolean;No;0;;Ram;
K1_errStatus;Boolean;No;0;;Ram;
K2_errStatus;Boolean;No;0;;Ram;
userSystem;Long;Yes;0;;Ram;
userDelta;Float;Yes;0,5;;Ram;
userPermit_setK;Boolean;No;0;;Ram;
