VariableName;VariableType;IsRetain;Register;DefaultValue;Comment;ParameterName;MinValue;MaxValue;Visibility;ParameterPath;DisplayFormat;EditableByNetwork;ShouldArchive;MetaType;CatalogPath
Имя переменной;Тип переменной;Энергонезависимость;Адрес регистра;Значение по умолчанию;Комментарий;Имя параметра;Минимальное значение;Максимальное значение;Видимость;Путь к параметру;Формат отображения данных;Редактирование по сети;Архивировать значение;Метатип;Путь в каталоге
net_SetRoom_2_1;Float;Yes;16400;20;;nameRoom1;;;Yes;Logic;Decimal;Yes;No;Network;
net_SetRoom_2_2;Float;Yes;16408;21;;setRoom2;;;Yes;Logic;Decimal;Yes;No;Network;
net_SetRoom_2_3;Float;Yes;16402;22;;setRoom3;;;Yes;Logic;Decimal;Yes;No;Network;
net_SetRoom_1;Float;Yes;16404;23;;setRoom4;;;Yes;Logic;Decimal;Yes;No;Network;
net_userSeason;Long;No;16421;0;;userSeason;;;Yes;Logic;Decimal;Yes;No;Network;
net_K2_status;Long;No;16422;0;;K2_status;;;Yes;Logic;Decimal;Yes;No;Network;
net_K2mode;Long;No;16423;0;;K2_mode;;;Yes;Logic;Decimal;Yes;No;Network;
net_K2fanSpeed;Long;No;16424;0;;K2_fanSpeed;;;Yes;Logic;Decimal;Yes;No;Network;
net_K2SetTemp;Long;No;16425;0;;K2_tempSet;;;Yes;Logic;Decimal;Yes;No;Network;
net_K1status;Long;No;16426;0;;Variable;;;Yes;Logic;Decimal;Yes;No;Network;
net_K1_mode;Long;No;16427;0;;K1_modeNet;;;Yes;Logic;Decimal;Yes;No;Network;
net_K1_fanSpeed;Long;No;16428;0;;K1_modeNet;;;Yes;Logic;Decimal;Yes;No;Network;
net_K1_SetTemp;Long;No;16429;0;;K1_tempSetNet;;;Yes;Logic;Decimal;Yes;No;Network;
net_K1_TempRoom;Long;No;16430;0;;K1_tempRoomNet;;;Yes;Logic;Decimal;Yes;No;Network;
setRooms_NetUpdata;Long;No;16460;0;;setRooms_NetUpdata;;;Yes;Logic;Decimal;Yes;No;Network;
net_K2_TempRoom;Long;No;16443;0;;K2_tempRoomNet;;;Yes;Logic;Decimal;Yes;No;Network;
net_K1Connect;Long;No;16431;0;;net_K1Connect;;;Yes;Logic;Decimal;Yes;No;Network;
net_K2Connect;Long;No;16432;0;;net_K2Connect;;;Yes;Logic;Decimal;Yes;No;Network;
net_Room2_1;Long;No;16433;0;;net_KFConnect;;;Yes;Logic;Decimal;Yes;No;Network;
net_Room2_2;Long;No;16434;0;;net_KFStatus;;;Yes;Logic;Decimal;Yes;No;Network;
net_Room2_3;Long;No;16435;0;;net_KFMode;;;Yes;Logic;Decimal;Yes;No;Network;
net_Room1;Long;No;16436;0;;net_KFfanSpeed;;;Yes;Logic;Decimal;Yes;No;Network;
net_K1_errStatus;Long;No;16437;0;;net_K1_SetTemp;;;Yes;Logic;Decimal;Yes;No;Network;
net_K1_errCode;Long;No;16438;0;;net_K1_errCode;;;Yes;Logic;Decimal;Yes;No;Network;
net_K2_errStatus;Long;No;16439;0;;net_K2_errStatus;;;Yes;Logic;Decimal;Yes;No;Network;
net_K2_errCode;Long;No;16440;0;;net_K2_errCode;;;Yes;Logic;Decimal;Yes;No;Network;
net_System;Long;Yes;16420;0;;net_System;;;Yes;Logic;Decimal;Yes;No;Network;
net_PidStart;Long;No;16441;0;;net_PidStart;;;Yes;Logic;Decimal;Yes;No;Network;
net_Season;Long;No;16442;0;;net_Season;;;Yes;Logic;Decimal;Yes;No;Network;
net_Room2_aver;Float;No;16406;0;;net_Room2_aver;;;Yes;Logic;Decimal;Yes;No;Network;
